{"cameraMode":{"drawMode":0,"name":"Shaded","section":"Shading Mode"},"sceneLighting":true,"audioPlay":false,"sceneViewState":{"m_AlwaysRefresh":false,"showFog":true,"showSkybox":true,"showFlares":true,"showImageEffects":true,"showParticleSystems":true,"showVisualEffectGraphs":true,"m_FxEnabled":true},"in2DMode":false,"pivot":{"x":214.55738830566407,"y":0.4000000059604645,"z":371.98602294921877},"rotation":{"x":0.43360698223114016,"y":0.005406124517321587,"z":-0.0026019325014203789,"w":0.9010835289955139},"size":592.6317138671875,"orthographic":false}